pdb_posins,pdb_chain,pdb_res,top_res,pdb_pos,perplexity,A,C,D,E,F,G,H,I,K,L,M,N,P,Q,R,S,T,V,W,Y
1,H,E,M,1,1.6572,-5.0886,-7.0781,-5.4682,-5.5107,-6.5986,-4.0317,-6.3527,-5.8888,-5.8306,-5.7424,-0.0870,-5.9533,-4.7699,-5.8461,-5.6750,-4.7341,-5.4092,-5.0568,-7.6411,-7.2142
2,H,V,V,2,1.0274,-9.5878,-13.6773,-13.7187,-9.3523,-14.5150,-12.8186,-15.0883,-5.6580,-12.8558,-9.7288,-9.4254,-13.4139,-13.6783,-11.3908,-12.8341,-14.9049,-10.3355,-0.0039,-14.5534,-15.4348
3,H,Q,Q,3,1.1300,-8.5805,-11.2890,-10.3074,-5.9312,-10.2926,-10.1014,-4.7994,-11.6474,-5.6248,-7.7123,-7.4809,-8.6145,-12.9045,-0.0185,-6.4073,-9.8972,-9.1035,-7.6307,-12.1136,-10.0631
4,H,L,L,4,1.0054,-16.2960,-14.2221,-20.2294,-15.6513,-11.5176,-14.2592,-16.5385,-9.3832,-16.1547,-0.0006,-7.7471,-18.3698,-17.6186,-14.0121,-15.6078,-17.8567,-17.6573,-9.9755,-12.7582,-14.8223
5,H,V,V,5,1.3878,-8.2825,-13.2903,-9.4337,-5.8555,-10.0722,-10.5497,-9.9640,-8.1231,-9.6878,-2.5228,-7.8704,-11.3259,-18.2147,-6.0623,-10.1135,-11.0601,-9.7014,-0.0908,-12.5333,-11.8171
6,H,E,E,6,1.1212,-10.3049,-12.4359,-7.4951,-0.0234,-17.1465,-10.3311,-12.0661,-12.5432,-10.0198,-11.4436,-12.2683,-12.2561,-13.4640,-3.8042,-11.2224,-11.6265,-11.6306,-9.4153,-15.8686,-16.9565
7,H,S,S,7,1.0819,-8.6454,-10.1355,-9.1290,-10.2640,-8.1193,-4.4900,-9.4784,-13.9053,-10.3369,-10.2326,-12.0432,-9.3681,-14.5171,-10.5567,-7.8654,-0.0131,-8.7492,-12.7670,-10.2368,-8.1536
8,H,G,G,8,1.0033,-9.8929,-13.3305,-10.5473,-9.2658,-15.2913,-0.0003,-14.7004,-14.6226,-11.7699,-12.6732,-14.7432,-13.2089,-16.4607,-12.1858,-9.3619,-11.7801,-13.7058,-11.4165,-14.0948,-15.2475
9,H,G,G,9,1.0010,-10.7599,-13.6305,-12.2298,-12.1010,-16.0044,-0.0001,-17.4212,-18.5794,-14.5568,-15.1087,-17.4394,-16.1867,-18.0875,-15.2989,-10.0630,-12.5582,-14.7384,-13.6101,-15.2409,-17.6535
10,H,G,G,10,1.0045,-11.1625,-13.6473,-8.4847,-10.0463,-12.3564,-0.0004,-14.0328,-14.7948,-12.7837,-11.6708,-14.2951,-13.1283,-16.4018,-13.0861,-9.1715,-10.8728,-12.9972,-11.2076,-13.1159,-13.7878
11,H,V,L,11,1.2569,-9.4684,-12.4855,-12.4222,-11.2416,-7.8574,-11.7371,-12.0337,-8.6182,-11.7018,-0.0595,-8.3429,-13.7174,-9.4805,-10.4529,-10.3563,-10.9196,-9.8832,-2.8715,-12.0747,-11.8783
12,H,V,V,12,1.1177,-8.8853,-12.1989,-13.1143,-9.4932,-11.2582,-12.7015,-13.4969,-4.1775,-7.2939,-6.0019,-7.7935,-13.4494,-14.1292,-9.0825,-9.1126,-11.5982,-9.8974,-0.0196,-15.6909,-14.3864
13,H,Q,Q,13,1.1624,-7.8471,-12.8840,-11.7011,-6.2734,-10.4407,-11.7906,-7.6297,-9.0340,-4.2537,-8.1938,-8.8958,-9.6910,-7.7269,-0.0249,-5.3460,-9.4081,-7.6652,-6.7477,-13.3675,-10.4544
14,H,P,P,14,1.0251,-6.4322,-13.4806,-13.8051,-11.0574,-14.1425,-11.5846,-13.6083,-12.2742,-11.6379,-8.9788,-12.0872,-13.4431,-0.0031,-10.3337,-10.9299,-7.1050,-8.1212,-9.2544,-15.9530,-15.0731
15,H,G,G,15,1.0107,-9.9341,-14.8195,-10.3506,-8.8806,-15.1916,-0.0011,-12.8434,-16.4158,-7.8551,-12.2525,-13.4225,-12.3491,-14.8020,-11.4331,-7.8438,-9.3599,-11.4798,-12.5871,-11.8401,-15.5082
16,H,R,R,16,1.2530,-8.0436,-10.4995,-9.8841,-7.6982,-10.0712,-5.5341,-6.8111,-11.9362,-3.3355,-8.5921,-10.0414,-7.1902,-13.5144,-7.8961,-0.0461,-6.5904,-7.8432,-10.2166,-8.0616,-9.7556
17,H,S,S,17,1.0143,-8.5954,-12.1304,-12.8860,-12.2089,-8.3756,-9.3697,-12.8268,-12.2120,-10.8925,-9.4371,-12.3421,-12.0532,-9.2246,-11.7639,-9.7846,-0.0015,-7.2203,-11.6283,-14.0998,-12.7185
18,H,L,L,18,1.0100,-10.7763,-14.4336,-14.7223,-11.4302,-9.7695,-12.8710,-12.1756,-11.3165,-12.8825,-0.0011,-7.2635,-13.7515,-10.6489,-9.4585,-9.6287,-10.2509,-13.0557,-9.7952,-13.6792,-13.5012
19,H,R,R,19,1.0793,-8.1995,-13.1182,-9.3273,-7.6989,-9.9763,-8.7298,-8.7497,-12.7665,-5.2689,-7.0954,-10.4065,-10.2962,-11.3414,-8.3191,-0.0106,-6.0536,-7.4341,-9.6645,-9.8397,-10.5204
20,H,L,L,20,1.0192,-14.2726,-13.1759,-19.9673,-17.6810,-8.0806,-16.3504,-16.5373,-7.2980,-18.6961,-0.0023,-8.5134,-19.5599,-18.3206,-14.7631,-15.3151,-14.8356,-15.7215,-6.8143,-12.2011,-14.9637
21,H,S,S,21,1.1276,-5.4468,-10.8370,-8.0531,-8.0034,-10.2862,-8.6831,-10.0219,-9.8593,-10.6251,-9.5429,-11.9469,-8.5629,-10.4253,-9.7573,-8.5814,-0.0200,-4.3517,-6.8404,-12.4330,-11.0632
22,H,C,C,22,1.0033,-8.0468,-0.0003,-14.9317,-14.4819,-17.0956,-11.7651,-17.8821,-15.0441,-19.3115,-14.5917,-16.7296,-17.8810,-16.5611,-17.9328,-17.2878,-12.6200,-14.2133,-11.1685,-15.2717,-20.1786
23,H,A,A,23,1.1941,-0.0278,-11.6068,-6.9225,-5.3789,-9.7137,-5.3132,-8.2101,-11.3237,-9.7037,-7.6060,-12.1115,-10.6025,-12.7570,-8.9429,-8.2943,-4.8830,-5.4631,-5.5918,-10.1670,-11.4215
24,H,A,A,24,1.0182,-0.0022,-13.5238,-12.5119,-12.5850,-13.1176,-8.2177,-16.8759,-14.1071,-16.0104,-11.9617,-11.9832,-15.3953,-12.9519,-15.9276,-12.8675,-9.5142,-7.4632,-6.6910,-15.0808,-16.2502
25,H,S,S,25,1.0102,-8.2635,-12.7150,-11.4868,-13.6473,-8.2862,-9.1044,-10.6301,-13.7370,-12.9343,-11.5030,-13.8582,-11.1081,-13.3147,-12.1881,-9.2346,-0.0010,-9.5961,-12.5477,-10.9062,-8.8995
26,H,G,G,26,1.0024,-11.6138,-14.9323,-10.6051,-9.3069,-16.1202,-0.0002,-14.1468,-16.6785,-11.6403,-14.1774,-15.9044,-13.0422,-18.6623,-12.1813,-9.6711,-12.3486,-14.3804,-13.4381,-14.7305,-15.1315
27,H,F,F,27,1.0064,-16.3707,-14.4497,-14.5821,-17.6681,-0.0007,-16.7825,-12.5325,-10.7991,-18.1745,-9.1035,-13.5202,-15.5604,-17.7734,-18.3344,-17.0047,-14.6872,-15.1958,-12.1038,-13.4605,-7.4768
28,H,T,T,28,1.2862,-5.1956,-12.8615,-5.8297,-7.9476,-10.3881,-8.6576,-10.4482,-5.3297,-7.9997,-8.4704,-7.7146,-4.1180,-7.3286,-10.3943,-7.1477,-4.7004,-0.0433,-7.3318,-13.0900,-10.9931
29,H,F,F,29,1.0053,-12.5912,-13.8279,-16.6254,-18.5673,-0.0005,-15.7612,-11.7683,-11.6508,-18.4388,-11.0257,-12.8162,-15.3707,-11.2422,-17.4688,-16.6820,-12.0883,-12.4843,-8.3731,-11.9364,-8.3284
30,H,S,S,30,1.5130,-5.2509,-10.1575,-4.0772,-6.7182,-8.2117,-4.8081,-6.4167,-9.2401,-6.2684,-8.8818,-9.6942,-4.5624,-10.0526,-8.2247,-3.5408,-0.0807,-6.9475,-9.3205,-9.9287,-6.8966
31,H,S,S,31,4.7470,-6.1287,-8.3674,-3.0834,-5.3694,-6.4433,-4.7741,-5.0588,-3.3156,-5.1517,-6.8249,-7.8382,-2.2526,-7.6583,-6.6823,-3.1968,-0.5658,-2.0393,-3.8899,-6.3878,-3.9500
32,H,Y,Y,32,1.3459,-8.9278,-7.9663,-6.1015,-8.1286,-4.1250,-11.2471,-4.8963,-9.9457,-7.4833,-9.5603,-9.9505,-4.2036,-13.1286,-8.2737,-8.5564,-4.7871,-7.3727,-8.3123,-7.6608,-0.0539
33,H,A,A,33,1.9098,-0.2106,-10.7766,-5.8027,-5.7665,-10.2430,-1.9078,-7.8716,-9.8350,-11.8777,-11.6011,-11.4759,-7.8541,-9.3152,-9.0765,-8.7217,-4.1241,-4.1474,-6.4153,-8.2280,-8.3973
34,H,M,M,34,1.0316,-13.9787,-15.1619,-18.1222,-14.5266,-11.5784,-17.0678,-14.6001,-5.8153,-14.7047,-6.8119,-0.0043,-14.8921,-16.0078,-9.7336,-15.1746,-14.7103,-13.2176,-8.9642,-12.2315,-17.1388
35,H,H,H,35,1.3225,-11.2738,-11.4837,-9.1960,-9.0301,-6.1651,-11.6643,-0.0513,-7.3374,-10.6639,-4.6360,-7.9116,-5.5335,-16.3958,-3.9432,-9.9941,-8.6933,-9.6962,-7.6551,-7.4936,-4.4009
36,H,W,W,36,1.0261,-10.2533,-9.5491,-10.5181,-7.9716,-10.1708,-10.4227,-9.3900,-12.1288,-10.1661,-8.5987,-9.9449,-11.6385,-14.2986,-8.7477,-6.3835,-10.5055,-11.0343,-8.5102,-0.0030,-11.1605
37,H,V,V,37,1.0295,-13.2063,-13.2266,-18.6418,-15.1830,-13.9436,-14.6641,-16.1933,-5.4495,-17.8548,-9.1694,-11.5984,-17.8463,-21.6669,-14.4775,-15.9366,-15.3445,-12.7551,-0.0044,-15.3896,-15.7107
38,H,R,R,38,1.0015,-12.5573,-11.7521,-15.2394,-11.6293,-17.9831,-12.1225,-11.7390,-15.9136,-9.9446,-13.7370,-14.1113,-12.8747,-16.8162,-10.4316,-0.0001,-12.2681,-12.8298,-13.9811,-13.2546,-18.4712
39,H,Q,Q,39,1.0042,-12.7950,-13.6216,-15.7209,-9.7220,-16.7096,-13.6354,-10.8155,-14.4859,-10.1761,-10.1316,-11.4152,-15.3910,-15.8303,-0.0004,-8.4510,-12.6443,-13.9828,-11.7741,-15.1514,-18.7683
40,H,A,A,40,1.0124,-0.0014,-14.4693,-15.3009,-11.2390,-16.6043,-9.1029,-14.6266,-15.2425,-10.6028,-12.6630,-12.7648,-15.2322,-10.7147,-12.3181,-9.3315,-11.1265,-8.7062,-6.9518,-16.2869,-18.6531
41,H,P,P,41,1.0420,-7.9356,-12.8295,-14.0892,-13.9149,-14.0808,-9.7788,-11.8009,-11.2639,-12.7806,-10.0116,-15.3332,-13.1734,-0.0055,-13.2404,-7.4592,-6.5953,-5.8116,-9.5115,-13.3284,-16.3768
42,H,G,G,42,1.0040,-9.1965,-16.3015,-11.6827,-8.9985,-14.9808,-0.0004,-13.4326,-17.3855,-11.2726,-11.9335,-14.7360,-16.4089,-14.6389,-13.1193,-9.2157,-12.7232,-11.2097,-11.7915,-13.3629,-16.8553
43,H,K,K,43,1.0384,-11.5456,-14.4927,-13.3503,-7.8541,-13.4501,-11.6928,-10.0136,-14.1059,-0.0055,-10.3855,-11.3802,-10.3721,-17.3907,-8.2034,-5.3676,-11.5926,-10.9075,-14.0787,-14.6964,-14.2237
44,H,G,G,44,1.0007,-11.0042,-16.7073,-14.6356,-15.1289,-17.6774,-0.0001,-16.7635,-18.9680,-15.7651,-15.2997,-17.9932,-14.5693,-15.7183,-16.1165,-10.2518,-14.2269,-14.2023,-14.5981,-15.4859,-19.2029
45,H,L,L,45,1.0253,-13.1295,-14.2713,-17.0616,-16.9313,-6.8401,-14.9398,-14.4728,-16.2894,-16.1936,-0.0034,-10.1656,-16.8156,-6.1140,-16.0728,-14.2322,-15.2106,-18.1099,-13.2759,-10.5384,-12.4576
46,H,E,E,46,1.0273,-9.1245,-15.8552,-6.4402,-0.0034,-15.0022,-11.5357,-12.0085,-12.8389,-12.3653,-12.6609,-13.0077,-14.1604,-17.7375,-7.2272,-12.7220,-12.9215,-12.4658,-6.9774,-15.8755,-16.2151
47,H,W,W,47,1.0332,-11.9135,-11.3002,-13.1192,-14.0465,-6.0701,-12.0400,-9.9196,-13.4203,-14.8233,-9.3846,-12.1755,-13.2805,-13.1658,-14.5003,-11.7132,-11.2022,-13.0288,-11.7241,-0.0045,-6.2458
48,H,V,V,48,1.0133,-13.1487,-13.8775,-17.1664,-14.5897,-16.0130,-17.7991,-17.8273,-6.7287,-19.0179,-8.2308,-8.8235,-16.1921,-21.7112,-15.4117,-16.5943,-15.6261,-13.4125,-0.0016,-17.5229,-18.6166
49,H,A,A,49,1.1718,-0.0359,-10.6604,-11.4174,-12.0116,-12.1964,-9.2690,-14.2653,-13.6037,-14.6891,-12.3249,-10.1220,-9.5639,-16.9696,-14.8152,-15.2484,-3.3782,-7.1145,-10.1247,-15.2321,-14.6491
50,H,V,V,50,1.2071,-5.9892,-13.5112,-12.5644,-9.9032,-11.2666,-10.0089,-13.1360,-3.8195,-11.1373,-5.2961,-7.4506,-10.4628,-18.4661,-10.2888,-7.7621,-7.3242,-5.9796,-0.0344,-13.6984,-12.6010
51,H,I,I,51,1.0820,-9.9732,-14.4969,-12.6621,-12.9545,-12.3336,-13.8708,-15.0123,-0.0129,-12.3839,-8.1068,-8.3219,-11.2224,-15.5414,-13.4097,-12.4201,-7.7524,-6.2781,-4.6179,-16.5466,-13.7684
52,H,S,S,52,1.0714,-9.4454,-10.6115,-8.6559,-11.2683,-12.1213,-9.0446,-11.8977,-10.8619,-9.4541,-13.0322,-13.4135,-7.4065,-13.1465,-10.4432,-9.4652,-0.0102,-5.1226,-10.5209,-5.8980,-8.7344
53,H,F,Y,53,1.5164,-8.1172,-8.7568,-7.7672,-10.2543,-2.2427,-9.4432,-5.6239,-12.2341,-9.8583,-8.6094,-12.0656,-7.9141,-9.5503,-10.6349,-8.8690,-5.4290,-12.3111,-11.7095,-6.6879,-0.1247
54,H,D,D,54,1.0574,-8.4431,-14.6801,-0.0079,-5.7777,-11.8332,-5.6503,-10.6603,-12.2778,-11.4166,-10.7684,-11.8373,-7.9093,-14.5080,-11.1670,-10.2273,-7.7836,-11.6185,-11.8259,-10.8814,-9.8703
55,H,G,G,55,1.1167,-4.3002,-10.2937,-6.4768,-7.5473,-10.4693,-0.0187,-11.9733,-9.4125,-11.4093,-11.7432,-12.1905,-9.9733,-14.2718,-11.3230,-10.8051,-6.1473,-8.1442,-8.7890,-12.1085,-10.5744
56,H,S,S,56,2.8777,-5.8393,-8.3039,-4.0263,-5.8590,-6.4008,-4.0021,-5.5694,-4.8099,-4.9255,-5.7303,-6.8650,-2.9570,-10.6996,-5.9552,-2.5497,-0.2771,-3.4417,-5.6616,-7.2793,-5.1362
57,H,N,N,57,2.1569,-6.9844,-10.3177,-4.3887,-5.6989,-6.5348,-8.7408,-5.2108,-4.4936,-3.7249,-7.3232,-8.0515,-0.1788,-11.9737,-7.1236,-4.4231,-2.7233,-4.5443,-6.7783,-9.5128,-4.3170
58,H,K,K,58,1.1862,-10.9223,-12.8277,-8.6702,-5.3899,-12.1356,-13.5473,-8.2174,-7.7191,-0.0289,-7.1667,-7.8111,-7.4701,-11.5969,-5.1362,-4.2177,-9.9639,-7.4881,-10.3739,-12.0642,-11.3674
59,H,Y,Y,59,1.2704,-8.7638,-10.4602,-5.6771,-8.3595,-3.5988,-9.1422,-4.9090,-7.6141,-7.8276,-7.1054,-10.4264,-6.4448,-12.6030,-9.6117,-9.0708,-7.4514,-9.1174,-8.3672,-7.1779,-0.0449
60,H,Y,Y,60,1.0877,-9.1422,-8.6586,-9.3082,-12.1141,-4.6776,-10.6579,-6.4939,-11.7694,-10.5648,-7.5650,-10.9141,-8.3650,-12.6835,-10.9644,-9.8583,-7.0746,-10.5303,-11.7845,-9.6847,-0.0131
61,H,A,A,61,1.0335,-0.0042,-13.9938,-8.0544,-10.2600,-14.3220,-6.0759,-13.0714,-14.1479,-12.9836,-11.2276,-13.1555,-13.1852,-11.0128,-12.9497,-11.3615,-7.0997,-8.1678,-7.8364,-16.5575,-16.1439
62,H,D,D,62,1.1953,-6.1783,-11.2127,-0.0289,-4.7857,-10.9584,-5.6152,-7.0486,-10.9238,-8.3571,-11.0867,-10.8599,-4.5298,-9.0128,-8.3234,-8.8781,-7.0191,-7.9709,-7.9047,-12.5566,-7.9178
63,H,S,S,63,1.0229,-7.6847,-13.5026,-11.2304,-11.8103,-7.6165,-12.6291,-12.8644,-11.7519,-11.7482,-11.6734,-13.3142,-9.4946,-9.6351,-13.5263,-10.3602,-0.0027,-6.6793,-9.7184,-8.8404,-11.6846
64,H,V,V,64,1.0086,-8.3020,-16.0138,-16.9432,-12.9112,-12.8970,-16.6325,-19.0481,-10.7677,-14.5405,-8.0735,-8.0392,-16.7537,-18.1768,-15.4386,-16.3657,-15.4681,-11.1609,-0.0009,-18.2430,-18.1464
65,H,K,K,65,1.1480,-8.9702,-15.0149,-11.5252,-5.7573,-11.9293,-12.0464,-11.3318,-8.3437,-0.0230,-9.1150,-7.5561,-9.4930,-14.0428,-6.8638,-4.2637,-9.9627,-5.8387,-7.7917,-11.6434,-11.2264
66,H,G,G,66,1.0016,-10.6529,-15.6526,-9.4467,-11.0409,-15.8546,-0.0001,-14.9770,-16.9381,-14.0684,-16.5152,-16.7226,-13.3787,-15.3599,-15.4509,-12.0374,-12.0165,-12.7833,-12.5505,-15.4592,-15.5454
67,H,R,R,67,1.0055,-12.8832,-12.3266,-12.8046,-12.6578,-14.4255,-12.2269,-8.7498,-13.8803,-8.6661,-12.0111,-13.5113,-11.0509,-14.7153,-9.5131,-0.0005,-10.4353,-10.8739,-14.6223,-10.5466,-12.9693
68,H,F,F,68,1.1020,-12.4081,-10.5499,-13.8494,-16.1423,-0.0175,-12.8318,-14.4962,-6.1736,-15.5521,-4.2172,-8.8975,-12.6325,-19.0107,-15.2811,-16.3230,-9.9655,-11.5033,-8.2507,-12.0125,-10.0664
69,H,T,T,69,1.0887,-7.1038,-17.3420,-11.1951,-10.9651,-11.2461,-12.1348,-14.5757,-6.9992,-12.0365,-11.6873,-10.9627,-11.4277,-13.6151,-13.1935,-11.0051,-4.3601,-0.0149,-9.0345,-15.5975,-12.6687
70,H,I,I,70,1.0214,-12.7314,-17.3190,-16.8283,-16.0578,-13.6861,-12.1875,-16.5579,-0.0029,-15.0729,-9.8309,-9.7148,-12.3604,-16.1274,-14.9109,-16.1923,-10.6939,-9.1710,-5.9284,-20.1245,-19.2520
71,H,S,S,71,1.0115,-7.9144,-14.0209,-10.4995,-13.2656,-9.8403,-9.8865,-11.4188,-14.2575,-12.3050,-11.8837,-13.6925,-7.8343,-15.4433,-12.6827,-10.5372,-0.0012,-9.2010,-12.5458,-13.9688,-8.8093
72,H,R,R,72,1.0008,-11.5552,-15.4432,-16.9239,-15.0372,-20.4492,-13.9479,-16.4284,-12.5426,-10.6507,-12.5915,-14.4608,-13.3961,-16.1929,-13.3343,-0.0001,-12.0925,-11.4658,-12.4625,-16.4626,-18.4590
73,H,D,D,73,1.0433,-9.1878,-13.3715,-0.0057,-5.6900,-11.4669,-10.1321,-6.7173,-11.5998,-11.7969,-10.4412,-12.9833,-7.4226,-13.7917,-9.0860,-11.8550,-9.4513,-11.8376,-10.1250,-13.8025,-9.8469
74,H,N,N,74,1.0563,-8.3419,-11.3917,-6.0876,-12.0631,-12.7281,-10.1711,-12.1311,-8.5622,-10.2055,-11.7448,-9.7979,-0.0075,-12.5917,-13.0175,-11.5669,-5.8284,-6.4904,-9.2639,-14.0209,-11.1915
75,H,S,S,75,1.3083,-3.3680,-12.5988,-7.5933,-10.3363,-5.7765,-6.6847,-9.0943,-9.0887,-11.2663,-7.2281,-9.0000,-7.4792,-5.2618,-8.8926,-7.9051,-0.0524,-7.0919,-7.0492,-8.8723,-5.9851
76,H,K,K,76,1.1586,-6.3169,-15.9717,-10.4084,-5.7973,-12.9230,-6.7903,-11.9889,-11.3643,-0.0219,-6.7983,-5.3801,-5.9240,-20.2950,-6.2071,-5.2746,-9.8241,-11.1555,-10.8706,-14.3505,-13.4382
77,H,N,N,77,1.2255,-10.7556,-11.5576,-7.8373,-9.9730,-11.3851,-9.7797,-8.1745,-9.2542,-5.9517,-11.4707,-9.3038,-0.0413,-16.6535,-8.0907,-7.1314,-3.4369,-5.6561,-10.6414,-10.8788,-9.9244
78,H,T,T,78,1.2891,-8.4106,-12.3705,-11.8618,-10.1291,-10.8985,-13.7149,-10.4130,-3.5176,-10.0654,-7.1781,-4.9238,-8.4753,-15.7587,-9.1406,-9.2902,-4.4983,-0.0512,-8.1648,-12.4037,-10.7863
79,H,L,L,79,1.0345,-10.6292,-14.6200,-11.8352,-10.0620,-6.7744,-11.8180,-10.4319,-9.4671,-13.1851,-0.0043,-6.2221,-12.1613,-16.3588,-7.1743,-13.7613,-12.3641,-13.3891,-8.5810,-13.2732,-10.5807
80,H,Y,Y,80,1.6439,-9.0480,-8.3481,-5.9967,-8.6829,-2.5746,-8.9597,-4.7952,-7.3772,-10.7800,-6.2096,-8.2119,-4.9174,-14.3457,-8.8807,-9.9204,-4.0574,-8.6454,-9.1467,-8.3831,-0.1231
81,H,L,L,81,1.0081,-16.4566,-16.8524,-18.0004,-14.9018,-8.1642,-15.8314,-15.8699,-9.7437,-14.7383,-0.0009,-8.2862,-17.4786,-17.3906,-13.4574,-16.1984,-15.3786,-15.8300,-8.2421,-15.6328,-15.5100
82,H,Q,Q,82,1.0601,-10.7070,-13.6417,-9.7888,-5.7710,-11.5434,-11.2421,-5.6200,-11.1662,-7.6643,-8.4197,-10.6454,-8.6624,-14.2171,-0.0082,-8.2994,-10.6613,-9.9079,-10.4034,-11.6908,-10.5153
83,H,M,M,83,1.0851,-10.1901,-13.0622,-14.5177,-14.2513,-8.5087,-13.2307,-17.6991,-5.0155,-16.5530,-5.6126,-0.0127,-14.3054,-13.7115,-14.1352,-14.8468,-10.6155,-9.9638,-6.2159,-12.9292,-17.4452
84,H,N,N,84,1.0829,-9.5410,-13.4500,-5.6989,-9.8132,-10.0912,-10.0699,-6.9335,-8.1668,-7.3025,-9.4667,-9.3486,-0.0109,-13.8488,-9.4105,-7.8751,-5.5678,-7.2849,-9.3023,-12.8395,-8.9392
85,H,S,S,85,1.2192,-7.4850,-10.4649,-8.4167,-10.9059,-8.2476,-6.4674,-8.6909,-8.9049,-8.6903,-7.6324,-9.1023,-4.2794,-8.3281,-9.4911,-4.3562,-0.0344,-5.9475,-9.1022,-9.9254,-8.0888
86,H,L,L,86,1.0267,-12.2871,-15.4812,-15.2290,-14.6804,-10.9663,-13.5564,-16.1857,-8.6877,-14.8967,-0.0037,-7.8660,-16.5750,-11.2827,-13.5234,-14.0663,-15.2608,-13.7770,-5.7871,-14.9676,-17.0154
87,H,R,R,87,1.0674,-8.0944,-10.8012,-11.1520,-10.1006,-12.8740,-6.6115,-8.6539,-9.3611,-5.6818,-9.2241,-10.1891,-9.9115,-10.7668,-7.3757,-0.0087,-7.7511,-6.3078,-9.2246,-10.5144,-11.3556
88,H,A,A,88,1.1598,-0.0244,-11.0435,-7.4663,-8.6348,-9.0001,-5.0901,-11.7189,-9.1849,-13.0465,-9.1416,-8.0764,-11.7710,-6.4444,-10.6988,-10.2128,-7.3332,-6.4786,-4.3704,-10.8117,-10.5168
89,H,E,E,89,1.0861,-8.3266,-14.1120,-4.4787,-0.0141,-14.6432,-6.1199,-13.7031,-14.1494,-12.3795,-14.1074,-12.1903,-11.0514,-12.2259,-8.8869,-13.1859,-10.5645,-13.2821,-10.0200,-16.9439,-14.6045
90,H,D,D,90,1.0009,-14.8790,-18.1255,-0.0001,-9.5700,-16.2809,-15.3135,-13.1335,-17.8177,-20.2081,-17.1245,-14.3736,-12.2803,-19.1215,-16.5165,-20.2125,-16.5164,-16.2241,-15.1570,-18.4932,-15.8212
91,H,T,T,91,1.0053,-11.8612,-16.6572,-16.0199,-13.1491,-14.4314,-13.7600,-17.8746,-10.4031,-14.6975,-13.2942,-10.7134,-15.3948,-18.6194,-15.1625,-14.0812,-7.5981,-0.0006,-10.9631,-18.0463,-16.5274
92,H,A,A,92,1.0015,-0.0001,-12.5433,-13.3029,-16.2223,-16.9670,-11.8220,-18.8241,-18.6408,-19.1999,-16.8855,-14.6747,-16.2049,-17.6082,-19.5951,-19.0677,-9.6714,-11.8048,-9.9836,-21.7047,-18.3365
93,H,V,V,93,1.1087,-8.0750,-13.2178,-10.9262,-10.3902,-9.5555,-11.5565,-14.0579,-5.2141,-11.3196,-4.9061,-6.5693,-13.1468,-15.3038,-12.1118,-9.6245,-10.7809,-6.6908,-0.0162,-12.0929,-13.2616
94,H,Y,Y,94,1.0333,-13.8392,-10.8279,-12.7000,-15.3375,-5.3306,-14.6058,-9.2819,-11.4878,-15.7596,-10.5049,-13.5481,-12.5762,-16.2200,-15.3431,-14.3369,-12.5527,-13.6852,-10.9815,-11.9402,-0.0050
95,H,Y,Y,95,1.1677,-11.5150,-9.6907,-10.8281,-11.9547,-3.5985,-11.8425,-5.8090,-10.2905,-12.8356,-8.0805,-12.2785,-10.2815,-17.0527,-11.1036,-10.5857,-8.7724,-10.6555,-9.1975,-9.1249,-0.0318
96,H,C,C,96,1.0015,-9.4049,-0.0001,-17.0765,-17.0746,-14.0477,-11.7086,-16.4934,-14.4487,-18.5677,-16.4275,-14.8188,-14.8212,-15.3359,-15.8042,-16.8300,-10.6282,-12.7612,-11.2290,-16.1776,-15.3222
97,H,A,A,97,1.0180,-0.0021,-11.0969,-12.5577,-11.5912,-12.5618,-7.6938,-14.3247,-13.1397,-12.8883,-10.4967,-10.7116,-11.6245,-15.7714,-12.7907,-13.4229,-6.8956,-8.1001,-8.4951,-16.4541,-14.8534
98,H,R,R,98,2.1574,-8.6355,-9.0520,-11.6431,-8.5149,-11.0483,-7.6990,-8.1169,-6.5476,-0.9664,-6.1537,-6.5867,-6.4859,-15.8335,-6.3705,-0.5030,-7.0033,-6.0053,-6.2488,-9.8164,-10.0526
99,H,A,A,99,2.7602,-0.6647,-8.3813,-4.0495,-6.2349,-7.8761,-2.6160,-7.4451,-12.2978,-11.0716,-8.6644,-9.5831,-7.8312,-10.6858,-8.2133,-9.1152,-0.9444,-6.6390,-8.2674,-9.6908,-8.1174
100,H,S,G,100,14.0004,-3.4720,-7.1558,-3.1088,-3.6274,-3.3116,-1.8263,-4.5176,-2.2950,-3.7068,-2.6457,-4.8691,-3.5215,-5.7150,-4.4861,-2.4634,-2.6017,-3.2191,-2.2488,-3.6631,-2.2071
101,H,I,G,101,7.8800,-2.9085,-5.5539,-1.8720,-3.5076,-4.8403,-1.0947,-3.5094,-6.6799,-6.5752,-5.3123,-6.3794,-3.7024,-3.9318,-3.7101,-4.4506,-1.5413,-4.1132,-5.5674,-4.6851,-2.9542
102,H,T,Y,102,3.9392,-3.5727,-9.2712,-6.3342,-6.7539,-1.1737,-5.2057,-4.2076,-5.3210,-8.0183,-4.7967,-6.3116,-6.8712,-4.9807,-6.3941,-5.4882,-4.8610,-4.4029,-4.0203,-3.0880,-0.6410
103,H,T,A,103,6.1924,-0.9863,-9.2644,-5.0688,-4.6116,-4.2600,-3.4796,-6.2538,-4.4494,-7.3169,-2.9954,-3.3986,-5.4700,-7.0850,-4.7603,-3.6293,-3.7791,-1.1114,-2.9475,-4.5070,-4.3834
104,H,T,A,104,4.5255,-0.5549,-7.3394,-6.1059,-4.7459,-4.3248,-3.3046,-6.6991,-3.6417,-9.3115,-5.0291,-3.7150,-5.8660,-7.8243,-5.9985,-6.6050,-3.1102,-1.8225,-2.4582,-6.9726,-5.0935
105,H,D,T,105,11.1641,-1.7573,-8.6117,-3.1107,-3.4437,-3.8748,-4.3104,-5.1215,-2.3366,-5.8537,-2.8466,-3.7760,-4.5346,-5.2218,-4.2823,-3.2930,-3.3097,-1.6759,-1.6998,-4.3783,-3.1206
106,H,D,Y,106,9.8913,-3.9334,-6.6216,-2.3587,-3.4727,-2.9926,-5.3913,-3.6423,-3.4188,-4.5558,-3.4986,-5.1887,-3.0600,-5.7885,-4.7739,-3.2835,-3.0947,-3.2131,-3.0608,-2.4985,-0.9595
107,H,G,G,107,1.0124,-6.7173,-13.4276,-9.4429,-10.9749,-11.3930,-0.0015,-13.3073,-12.1902,-13.1353,-11.0454,-14.1726,-11.7647,-10.9971,-13.8781,-12.2995,-10.5053,-13.3439,-11.5402,-11.6928,-9.8944
108,H,M,F,108,5.4121,-5.5315,-7.3351,-6.9967,-7.1495,-1.1957,-6.6446,-7.4723,-1.6401,-8.9924,-1.3894,-1.8553,-5.5518,-9.0614,-7.9002,-8.9748,-5.2293,-4.5062,-2.8355,-7.1677,-4.6839
109,H,D,D,109,1.0781,-5.7925,-11.1122,-0.0101,-6.7444,-11.0599,-7.2197,-6.9107,-11.2601,-9.5571,-10.8537,-10.1503,-5.9196,-11.3688,-8.4588,-9.7932,-7.3037,-9.2935,-9.6450,-12.6233,-9.2668
110,H,V,V,110,1.5479,-6.1986,-7.6833,-8.6588,-11.0146,-5.6098,-14.7437,-7.2233,-3.6132,-10.0946,-6.6611,-7.7735,-7.9877,-10.1100,-10.5630,-10.9335,-5.6592,-6.5088,-0.1009,-10.4998,-2.9047
111,H,W,W,111,1.0014,-14.0385,-12.4417,-13.4859,-14.6993,-9.5655,-14.0362,-12.6604,-14.8240,-14.8511,-11.6025,-13.3306,-13.6563,-16.6399,-13.9762,-12.3116,-12.6888,-14.4371,-12.8673,-0.0001,-10.9772
112,H,G,G,112,1.0007,-10.9973,-13.9209,-10.8919,-13.3382,-17.4159,-0.0001,-15.6424,-17.5540,-16.0180,-16.8277,-16.4212,-13.5596,-15.9708,-15.7243,-14.4451,-11.4488,-14.5148,-13.8227,-15.9467,-16.9190
113,H,Q,Q,113,1.2405,-7.4239,-10.7910,-9.1799,-6.8388,-10.7339,-8.2410,-6.5499,-9.2056,-4.2585,-5.9989,-8.1891,-8.5838,-6.8342,-0.0375,-4.2647,-8.4876,-7.3580,-9.5546,-11.8120,-10.3988
114,H,G,G,114,1.0001,-13.1378,-17.8944,-14.2121,-15.2660,-21.1404,-0.0000,-18.9655,-23.1601,-16.1719,-18.5162,-20.6139,-16.6689,-17.9794,-18.5010,-15.2146,-15.5907,-20.2941,-18.3924,-17.9803,-19.8622
115,H,T,T,115,1.0374,-7.4415,-12.7707,-13.8118,-13.2161,-12.9470,-11.6834,-14.5312,-6.1773,-11.4465,-13.2056,-11.1264,-9.7733,-11.7188,-13.3689,-11.6497,-6.5282,-0.0048,-7.5624,-15.3866,-13.4045
116,H,T,T,116,1.5470,-5.6725,-11.0161,-10.3424,-8.8298,-9.9343,-8.2400,-10.8388,-8.1348,-7.6102,-4.5617,-2.4802,-8.3062,-5.6038,-7.9546,-6.8691,-6.1824,-0.1130,-7.5547,-12.2018,-10.3342
117,H,V,V,117,1.0187,-11.0740,-15.8827,-18.3054,-17.1356,-12.7999,-15.2988,-17.1520,-6.2897,-15.5520,-7.7062,-11.0122,-16.2554,-15.6303,-17.4896,-15.8886,-15.4984,-9.7129,-0.0024,-17.2502,-15.3619
118,H,T,T,118,1.2111,-6.2813,-11.6849,-13.4256,-12.2164,-11.1491,-13.0497,-14.4699,-3.6668,-11.0999,-9.4165,-7.7842,-10.3405,-11.4899,-12.1802,-10.0061,-6.2479,-0.0371,-5.0429,-13.9395,-11.9370
119,H,V,V,119,1.1096,-9.3179,-11.7170,-15.6780,-13.8343,-12.0230,-13.7324,-16.1088,-3.8956,-14.4255,-9.2622,-10.8330,-13.6071,-13.0135,-14.8921,-13.2513,-10.3063,-8.5840,-0.0210,-16.2000,-12.5191
120,H,S,S,120,1.0097,-8.8121,-9.6872,-10.4951,-13.7111,-7.5624,-11.3554,-11.5985,-13.1345,-11.6982,-11.0250,-12.8190,-10.8329,-12.9994,-13.5566,-11.1905,-0.0010,-9.5161,-12.2896,-13.2955,-9.4722
121,H,S,S,121,1.0940,-5.1145,-9.9786,-8.5510,-10.5000,-10.8039,-5.1501,-11.2747,-10.5089,-10.2648,-10.5681,-11.5351,-8.7595,-8.8375,-9.9220,-7.7900,-0.0138,-7.3896,-9.7890,-12.7203,-10.1974
1,L,D,D,1,1.0926,-5.0525,-12.2134,-0.0135,-5.4220,-14.7758,-7.7621,-10.8219,-10.2714,-13.6868,-11.7332,-11.5063,-7.8898,-12.0534,-9.3774,-13.4274,-9.3732,-11.0787,-6.4806,-15.5847,-13.1005
2,L,I,I,2,1.0066,-13.5530,-18.1453,-18.4582,-19.7509,-16.2064,-20.8348,-20.2090,-0.0008,-17.8280,-11.2140,-10.8454,-14.9184,-18.7341,-17.2471,-19.2276,-16.7930,-10.7524,-7.2385,-20.2713,-14.5743
3,L,Q,Q,3,1.3494,-5.7344,-12.1901,-9.7888,-5.4264,-9.7258,-8.5030,-7.1438,-8.9651,-6.0058,-4.7206,-7.5480,-10.2060,-10.2817,-0.0578,-5.8027,-10.0087,-8.0113,-3.4464,-10.0252,-9.7898
4,L,M,M,4,1.0057,-13.8666,-14.9618,-20.1004,-14.1344,-16.7999,-17.3152,-20.3990,-8.8026,-15.1176,-9.5416,-0.0006,-16.6288,-19.2642,-12.2653,-15.1381,-16.7940,-13.0959,-7.9025,-14.8133,-19.0709
5,L,T,T,5,1.0569,-7.4236,-14.7013,-8.6391,-9.9748,-13.0360,-11.6912,-12.9950,-6.1210,-8.6514,-11.4132,-9.2545,-7.8987,-18.0257,-10.5284,-10.6717,-6.5762,-0.0073,-6.1651,-14.1564,-14.4979
6,L,Q,Q,6,1.0110,-10.5281,-11.6779,-12.5790,-7.4607,-14.4207,-11.4913,-9.4796,-12.7444,-9.9969,-8.8360,-10.7182,-12.1472,-10.8873,-0.0011,-9.0840,-9.8770,-10.7612,-10.9591,-14.5317,-14.3823
7,L,S,S,7,1.1016,-6.3886,-11.3921,-8.3276,-9.6861,-9.9657,-9.3153,-11.4784,-9.2302,-8.3501,-9.5075,-11.7362,-9.1838,-9.6256,-11.1121,-9.9684,-0.0166,-4.3009,-9.4531,-10.7551,-10.2577
8,L,P,P,8,1.0017,-11.5613,-16.9273,-14.8334,-12.7499,-13.8571,-16.2867,-11.1466,-15.7680,-14.1671,-14.6067,-18.0846,-14.1905,-0.0002,-12.2091,-14.8787,-9.4006,-10.3340,-13.5270,-16.4264,-12.9234
9,L,S,S,9,1.0277,-6.8484,-11.1149,-8.1123,-12.4690,-8.2284,-9.0915,-10.2328,-12.9976,-10.8776,-8.3108,-14.4091,-10.8936,-8.2034,-11.6076,-9.8631,-0.0031,-8.4551,-9.5654,-12.7581,-7.9210
10,L,S,S,10,1.3980,-5.9014,-9.5564,-10.5077,-11.4567,-5.4839,-10.9337,-9.8846,-7.8845,-10.0851,-9.4608,-9.3759,-7.6263,-10.9431,-10.5202,-10.9542,-0.0887,-2.5851,-8.8816,-11.9200,-6.7879
11,L,V,L,11,1.3383,-8.4522,-10.9374,-12.0539,-10.6182,-4.1124,-13.1972,-10.3248,-6.9266,-10.5864,-0.0627,-5.9407,-12.9714,-10.3628,-7.7666,-10.8649,-7.5673,-9.1117,-3.2547,-11.7850,-7.1975
12,L,S,S,12,1.0228,-7.3041,-11.9127,-10.0913,-13.9153,-7.3471,-9.1703,-11.5830,-14.6921,-14.3096,-12.8222,-14.3516,-10.2989,-8.7693,-14.9526,-13.2856,-0.0027,-10.9311,-13.2481,-11.4824,-6.9671
13,L,A,A,13,1.1110,-0.0152,-8.7853,-9.2896,-6.7593,-8.5997,-5.4397,-10.4431,-10.4724,-7.6877,-9.2747,-8.6787,-11.6809,-12.8980,-10.3222,-8.1731,-7.6829,-6.1871,-5.2241,-11.2368,-8.8786
14,L,S,S,14,1.1240,-5.2876,-7.9890,-7.4613,-10.6428,-7.3064,-5.5367,-10.0233,-8.8767,-9.1866,-10.5605,-10.1715,-5.4869,-15.1073,-12.0944,-9.4088,-0.0171,-6.6384,-11.4428,-10.4796,-7.7319
15,L,V,V,15,1.0382,-9.1154,-14.5691,-12.7068,-9.9771,-12.4807,-12.3541,-15.8196,-6.3211,-13.2284,-6.0489,-10.4092,-14.4493,-7.9291,-12.9722,-12.0435,-13.1257,-8.3897,-0.0050,-14.4375,-14.7489
16,L,G,G,16,1.1100,-7.7346,-11.8691,-4.6225,-6.9579,-10.5355,-0.0162,-9.3421,-12.1091,-7.7458,-10.3277,-10.0334,-6.1952,-17.6614,-10.8102,-7.9773,-6.3936,-10.6565,-11.4682,-9.9567,-9.8569
17,L,D,D,17,1.0200,-9.4714,-16.6015,-0.0023,-7.2109,-16.3355,-7.4043,-11.8434,-15.9923,-15.9950,-19.1147,-15.9564,-8.3189,-18.4750,-12.0034,-15.9926,-7.4533,-10.2024,-16.1572,-17.1048,-12.5967
18,L,R,R,18,1.1628,-9.7146,-10.7765,-11.5976,-10.2106,-8.9457,-10.1036,-7.9826,-8.2773,-5.9303,-9.4054,-11.0833,-8.5524,-12.9011,-9.7412,-0.0259,-5.8980,-4.0780,-9.3119,-6.7003,-7.3732
19,L,V,V,19,1.0149,-12.1371,-13.2881,-21.2025,-15.4085,-11.6039,-17.5680,-16.0975,-6.3126,-14.4796,-9.5462,-9.9272,-17.7773,-21.1631,-13.5871,-14.9231,-17.8957,-14.6137,-0.0020,-15.6465,-15.4290
20,L,T,T,20,1.0408,-8.1683,-11.9208,-11.6447,-11.8709,-13.1585,-14.0819,-17.2247,-6.1830,-10.7635,-13.0207,-9.8890,-9.8858,-15.1789,-11.5987,-10.6636,-5.9081,-0.0054,-8.6529,-15.6972,-16.1935
21,L,I,I,21,1.0132,-18.8200,-15.0344,-22.9545,-22.1490,-9.6928,-20.7851,-20.9220,-0.0015,-19.4387,-7.7057,-7.5746,-18.5116,-25.5625,-19.3992,-20.2517,-17.5720,-16.6497,-7.6574,-17.7094,-16.5809
22,L,T,T,22,1.0398,-10.8017,-12.8080,-12.8632,-11.6548,-14.1083,-12.6997,-13.9298,-5.9993,-8.9967,-15.7864,-12.5919,-7.3798,-14.5396,-12.2675,-9.1078,-6.3155,-0.0052,-10.9190,-14.7510,-13.7487
23,L,C,C,23,1.0002,-14.1434,-0.0000,-17.9643,-19.1587,-14.9424,-15.0303,-17.7094,-12.3178,-21.2917,-17.1109,-16.5113,-16.3612,-21.4663,-18.8257,-20.1472,-13.0061,-15.5914,-12.9568,-19.5731,-17.8539
24,L,R,R,24,1.3052,-8.7359,-11.9132,-9.2609,-6.7632,-9.9051,-7.4864,-6.4678,-10.4203,-4.3154,-6.9243,-10.7400,-8.7692,-17.0903,-3.5642,-0.0515,-6.2467,-6.7952,-10.6189,-7.4275,-9.3101
25,L,A,A,25,1.2049,-0.0416,-11.1994,-15.4242,-14.7576,-13.2502,-9.8269,-18.4750,-11.5021,-16.7421,-11.2339,-9.9575,-15.7141,-9.8456,-16.0426,-13.6312,-6.7177,-3.2982,-6.0329,-20.0424,-17.6200
26,L,S,S,26,1.1596,-6.7166,-10.8158,-7.7944,-10.1389,-9.7777,-4.9715,-9.1870,-9.9349,-7.3832,-9.4503,-11.6395,-7.7761,-10.4347,-9.0560,-5.2030,-0.0235,-4.8983,-9.8876,-9.9091,-9.8123
27,L,Q,Q,27,1.0539,-9.5259,-12.2914,-8.8934,-5.7127,-10.8831,-7.3943,-7.3964,-11.2911,-7.5645,-8.5942,-9.8995,-9.5496,-10.8715,-0.0068,-7.0253,-8.5830,-10.6201,-10.9152,-12.2086,-10.9807
28,L,G,G,28,4.7079,-4.9699,-7.1655,-1.1957,-5.1293,-6.7009,-0.9805,-5.7462,-5.2627,-7.1276,-7.0212,-7.5698,-3.7745,-7.9118,-7.0409,-3.8749,-1.5699,-3.5520,-4.5054,-6.9627,-5.7298
29,L,I,I,29,1.2206,-9.0117,-12.2109,-12.2443,-12.7319,-6.3070,-10.4223,-13.2581,-0.0428,-14.7152,-5.7679,-7.7470,-10.9586,-10.2219,-13.5131,-12.4141,-8.9847,-8.0751,-3.3304,-10.5720,-11.1351
30,L,S,S,30,2.4940,-6.3684,-9.4487,-5.6604,-8.4053,-5.8559,-4.5544,-5.9486,-5.9609,-5.7569,-6.1009,-8.7725,-3.2280,-6.0554,-7.6157,-2.1103,-0.2587,-4.3327,-6.5875,-6.3436,-3.9987
31,L,S,S,31,3.1615,-6.9557,-8.3705,-5.4028,-8.7852,-6.6419,-6.7779,-5.4132,-5.8121,-4.9214,-8.6331,-8.7298,-1.1309,-8.8632,-7.4493,-3.9639,-0.5923,-2.7093,-7.4054,-7.5773,-4.3099
32,L,W,W,32,1.5063,-4.9750,-9.7271,-6.7917,-10.0124,-5.4149,-8.6361,-7.7355,-11.6336,-11.0429,-7.3783,-10.9511,-7.7243,-9.6776,-10.0733,-7.7321,-6.6123,-10.2095,-9.9908,-0.1113,-2.4185
33,L,L,L,33,1.0441,-11.2794,-13.9816,-15.1057,-17.4142,-5.6230,-12.1994,-14.7167,-8.1548,-15.4322,-0.0060,-7.6327,-13.6801,-15.7566,-15.7629,-14.2730,-11.7083,-10.2358,-6.6046,-9.0791,-10.9500
34,L,A,A,34,1.0212,-0.0025,-14.1833,-11.5156,-15.2108,-12.8953,-7.4629,-10.7711,-12.6887,-15.1116,-14.9388,-13.6529,-7.8175,-17.0774,-13.0185,-13.8866,-7.0831,-7.5735,-9.5063,-14.6790,-12.5379
35,L,W,W,35,1.0014,-13.4420,-12.1030,-16.0521,-16.6972,-10.3074,-14.0900,-10.6935,-14.6826,-15.7173,-11.8661,-14.6656,-14.0341,-18.2207,-13.7809,-11.1802,-13.2595,-14.8153,-13.0183,-0.0001,-10.5968
36,L,Y,Y,36,1.1240,-15.4429,-11.8463,-15.4393,-14.7931,-3.7234,-15.3627,-8.1659,-15.1409,-13.0598,-11.6066,-14.3226,-12.9919,-20.3161,-12.6906,-13.4238,-13.9992,-15.3429,-13.7910,-11.4453,-0.0248
37,L,Q,Q,37,1.0675,-10.9092,-12.6566,-10.3761,-5.9304,-13.6884,-11.8292,-7.2622,-10.7878,-7.1505,-9.5512,-11.5731,-11.5107,-11.9710,-0.0095,-5.3076,-11.5753,-11.3399,-9.1390,-11.8055,-13.1496
38,L,Q,Q,38,1.1441,-10.2838,-11.6562,-8.7850,-5.1776,-10.7669,-10.3226,-4.4007,-11.9518,-6.1105,-6.8727,-10.8774,-10.7086,-11.9901,-0.0225,-7.4021,-10.9205,-13.0908,-9.3662,-12.0225,-11.0184
39,L,K,K,39,1.0579,-10.0504,-15.4480,-12.1977,-7.1362,-12.4039,-12.9265,-8.9685,-8.4551,-0.0077,-8.9871,-8.9235,-9.2429,-12.9664,-7.4326,-5.3726,-10.6968,-7.4481,-8.2221,-13.0632,-11.6334
40,L,P,P,40,1.0125,-7.6066,-14.7091,-14.6259,-12.0132,-13.1377,-11.4829,-10.0179,-13.5585,-14.4526,-9.5509,-15.3338,-16.2961,-0.0013,-8.9367,-8.8434,-8.4005,-9.0837,-9.7128,-13.5502,-15.8273
41,L,G,G,41,1.0170,-8.0618,-14.4488,-7.1478,-7.5353,-12.9284,-0.0019,-9.7359,-16.0483,-11.3892,-12.2078,-12.9543,-11.2337,-12.8493,-12.1764,-9.1224,-11.6291,-11.7790,-11.4422,-10.3249,-13.2148
42,L,K,K,42,1.0567,-10.1964,-13.2689,-12.3053,-8.0718,-10.6769,-11.4083,-9.0195,-13.0603,-0.0082,-9.1534,-9.6304,-7.5893,-16.7472,-8.2783,-5.0354,-8.7262,-10.0022,-12.7485,-11.9721,-10.5936
43,L,A,A,43,1.0101,-0.0011,-15.4752,-17.6850,-16.5826,-14.5728,-9.3645,-18.5810,-16.6912,-18.7342,-14.2233,-15.1127,-18.0522,-8.2484,-16.5064,-14.2018,-8.7278,-7.7996,-8.7393,-17.6514,-19.1591
44,L,P,P,44,1.0021,-10.9359,-13.0544,-14.7320,-16.5870,-9.7377,-15.3157,-12.5018,-14.1016,-16.2890,-9.9430,-12.7855,-10.4025,-0.0002,-15.4374,-15.3909,-12.3735,-13.9347,-12.1238,-13.0339,-12.0159
45,L,K,K,45,1.0614,-10.6227,-14.9336,-9.8861,-6.4965,-13.3889,-11.9979,-10.5702,-10.5784,-0.0082,-11.6177,-10.0312,-5.4214,-15.5268,-7.3283,-7.0800,-7.9070,-8.6499,-10.2958,-14.3774,-11.6029
46,L,L,L,46,1.0629,-6.6742,-12.1728,-14.1322,-13.2913,-8.9772,-10.5459,-12.5551,-7.7049,-10.9254,-0.0085,-9.5150,-11.1447,-10.1555,-9.4952,-7.5077,-8.6597,-7.5893,-5.2802,-11.7489,-9.9635
47,L,L,L,47,1.0336,-11.7757,-12.9162,-15.9200,-14.5808,-9.0944,-15.4175,-14.9749,-7.2751,-17.2163,-0.0044,-5.9668,-17.1187,-18.2729,-13.6610,-15.6646,-14.0983,-14.4910,-6.9312,-10.3999,-13.0923
48,L,I,I,48,1.0330,-12.2479,-12.9058,-16.5304,-17.4686,-11.3602,-13.8843,-15.4361,-0.0045,-15.7744,-7.8054,-7.5046,-11.6935,-17.7786,-14.6418,-16.9605,-9.8781,-10.3929,-5.6733,-15.2808,-15.3604
49,L,Y,Y,49,1.1992,-9.7123,-8.8106,-9.8984,-12.6178,-3.8962,-11.2165,-4.5004,-11.9958,-9.4823,-10.8672,-13.0057,-7.6996,-14.0103,-11.0514,-10.2731,-6.4437,-11.1718,-12.0820,-9.2029,-0.0346
50,L,A,A,50,1.9892,-0.2240,-12.4853,-1.8674,-5.0788,-10.3972,-4.7197,-9.0244,-11.7682,-4.0216,-10.6825,-9.4874,-7.0534,-11.7144,-7.1192,-7.9684,-6.1742,-4.8258,-8.0632,-10.4907,-7.9861
51,L,A,A,51,1.0160,-0.0020,-14.8691,-15.5557,-17.3531,-18.6381,-6.9808,-21.6458,-20.6362,-19.0593,-19.0523,-16.8103,-17.1393,-17.3816,-18.7796,-20.5564,-6.8967,-10.1757,-13.1073,-24.3998,-21.7757
52,L,S,S,52,1.0714,-7.8637,-11.0353,-8.8057,-11.3373,-7.1085,-9.3675,-10.6477,-8.2041,-10.2318,-11.0235,-11.3363,-7.7050,-12.4675,-10.7536,-9.5278,-0.0099,-5.0822,-9.1258,-10.0276,-6.8385
53,L,S,S,53,1.3262,-5.2547,-10.4157,-8.4994,-11.1309,-6.9008,-4.0479,-9.6994,-9.0549,-8.7029,-8.6199,-10.1527,-4.8933,-11.5221,-9.5091,-7.1675,-0.0515,-4.2292,-11.6146,-10.5792,-5.9044
54,L,L,L,54,1.0018,-13.1101,-14.8658,-16.2842,-15.7452,-10.7169,-14.1530,-16.0675,-9.6488,-14.6792,-0.0002,-11.2588,-14.7850,-15.0927,-12.0065,-13.2695,-11.9785,-12.3584,-10.4353,-17.1726,-15.2688
55,L,Q,Q,55,1.2925,-9.2204,-13.2008,-7.7034,-3.3752,-9.3461,-9.4030,-4.8263,-8.2964,-6.4037,-7.1018,-8.7689,-7.8836,-10.2000,-0.0513,-7.2534,-10.3980,-9.9255,-8.2482,-10.8516,-5.9039
56,L,S,S,56,1.1326,-7.8900,-8.4878,-7.2593,-10.7658,-7.1847,-6.8559,-9.4392,-7.7849,-8.7224,-9.1145,-10.0312,-6.6956,-8.0537,-9.2768,-5.7535,-0.0172,-5.7797,-9.7974,-6.9662,-5.4655
57,L,G,G,57,1.0009,-11.9411,-17.6643,-10.3253,-10.6296,-16.8213,-0.0001,-16.0550,-16.1874,-14.6519,-16.2687,-17.0537,-15.9216,-15.5032,-14.5064,-12.6774,-13.6736,-16.3147,-13.1930,-16.2224,-17.3087
58,L,V,V,58,1.0742,-4.7263,-14.7393,-11.5971,-11.5851,-13.2956,-9.9563,-16.2504,-7.4543,-14.2858,-10.7715,-9.3469,-13.3370,-11.4732,-14.7783,-13.0002,-10.2515,-6.2953,-0.0116,-14.8821,-14.6552
59,L,P,P,59,1.0064,-10.8081,-16.9597,-13.4044,-13.6256,-14.0401,-11.0984,-12.3087,-13.3438,-13.8731,-13.9133,-15.7124,-15.1010,-0.0007,-12.2067,-10.4554,-7.3855,-11.6371,-12.1695,-15.8500,-15.6416
60,L,S,S,60,1.0066,-9.9890,-10.9622,-11.5099,-15.5149,-9.4004,-10.4436,-10.2457,-11.6292,-11.5635,-12.3576,-13.8162,-8.8425,-9.6344,-12.8623,-9.7643,-0.0006,-10.2540,-12.5593,-12.7963,-9.8867
61,L,R,R,61,1.0375,-10.9687,-8.6588,-11.9687,-10.9741,-11.0603,-9.7903,-7.2913,-10.7081,-6.0120,-10.3299,-11.1031,-9.3415,-12.3176,-7.9631,-0.0046,-8.8561,-10.0781,-11.2717,-7.8694,-9.6319
62,L,F,F,62,1.0072,-14.4121,-14.9004,-19.6102,-19.5485,-0.0009,-17.8634,-17.0457,-11.0823,-20.8057,-7.1073,-12.3814,-19.1881,-20.6449,-19.1536,-20.7910,-19.0931,-19.4607,-11.0651,-14.2186,-11.6008
63,L,S,S,63,1.0407,-9.7013,-10.8694,-10.8539,-12.3855,-9.2505,-9.6509,-9.7478,-7.2824,-8.6071,-11.1069,-11.0515,-7.8129,-12.7980,-9.6140,-6.3748,-0.0049,-6.5897,-10.1066,-12.1965,-9.5311
64,L,G,G,64,1.0182,-5.9644,-15.0494,-15.0123,-16.1422,-16.8264,-0.0026,-17.8134,-17.8812,-18.7175,-15.6580,-17.4846,-17.3690,-15.1072,-17.6213,-15.0309,-11.8190,-16.8661,-14.8521,-18.9185,-20.9182
65,L,S,S,65,1.0524,-8.5600,-10.8883,-9.1165,-10.7683,-8.7184,-5.7771,-10.3675,-11.4302,-10.5638,-11.1349,-10.9626,-9.1824,-12.8374,-9.6060,-5.9630,-0.0069,-8.2355,-12.2339,-10.1111,-8.9457
66,L,G,G,66,1.0005,-11.6034,-17.5431,-13.4718,-12.3551,-16.3675,-0.0000,-16.2896,-17.5146,-14.3523,-15.5151,-17.4430,-16.0935,-18.0874,-15.0563,-10.7654,-14.7708,-18.6068,-15.7209,-16.6392,-16.0992
67,L,S,S,67,1.0913,-7.1761,-10.9836,-10.9816,-12.8184,-5.4104,-11.2184,-9.1626,-10.6065,-11.9975,-10.2400,-11.4873,-8.0681,-14.9953,-10.3211,-8.5588,-0.0130,-6.8292,-12.2208,-9.6493,-5.1499
68,L,G,G,68,1.0023,-10.0260,-16.3146,-10.3454,-9.6477,-14.3003,-0.0002,-13.5591,-15.8528,-12.3905,-13.5858,-14.6375,-13.5623,-16.8766,-12.2793,-10.0862,-11.9630,-13.9649,-13.5216,-13.9444,-13.5222
69,L,T,T,69,1.0161,-7.6249,-14.5859,-12.8249,-10.7137,-10.7076,-12.7180,-13.5060,-9.2851,-10.1550,-9.9756,-10.1968,-10.5256,-11.5058,-9.2304,-9.1666,-7.2240,-0.0017,-12.3083,-14.8170,-10.8979
70,L,D,D,70,1.9283,-7.8262,-13.8106,-0.3608,-1.2159,-10.1304,-7.6707,-6.5429,-10.4302,-9.6826,-9.1464,-9.3873,-7.3610,-14.1919,-6.0304,-10.6329,-9.7908,-9.3813,-8.7455,-12.5054,-7.7824
71,L,F,F,71,1.0007,-17.9722,-17.0964,-19.7459,-21.5735,-0.0001,-21.9207,-17.6751,-12.6327,-20.2194,-11.4206,-14.8596,-19.1317,-21.3410,-19.7765,-19.0545,-18.0726,-16.6091,-13.7519,-15.4898,-9.9863
72,L,T,T,72,1.0396,-6.3191,-13.1480,-12.8655,-12.2774,-13.7495,-11.9640,-14.5422,-8.9934,-12.8759,-15.2561,-13.1445,-10.3800,-15.4530,-13.2830,-13.1434,-5.6580,-0.0055,-10.2233,-18.7590,-12.8854
73,L,L,L,73,1.0024,-16.9527,-14.3490,-17.9246,-15.4560,-9.0813,-18.3234,-13.7670,-10.6201,-15.1145,-0.0002,-10.9686,-16.9938,-21.7495,-11.4083,-15.7032,-16.8339,-16.4839,-9.7920,-16.3274,-16.4161
74,L,T,T,74,1.0213,-7.5488,-13.0438,-13.8489,-14.1949,-15.0978,-12.2168,-14.5646,-7.2824,-10.5396,-12.6729,-11.1041,-8.0958,-16.6420,-14.4184,-11.8119,-7.0384,-0.0025,-10.7589,-19.1950,-14.9135
75,L,I,I,75,1.0057,-15.4779,-16.0343,-18.7027,-18.7569,-13.6479,-17.8665,-21.2642,-0.0006,-19.8627,-9.3014,-9.2419,-16.3385,-22.5978,-19.6121,-19.2004,-16.6149,-14.4482,-7.7635,-18.9043,-20.3696
76,L,S,S,76,1.3738,-8.4384,-9.7086,-8.1085,-11.1542,-9.9083,-8.3273,-8.4827,-6.8538,-6.8700,-7.3530,-9.6751,-3.3052,-9.7991,-9.4848,-5.0290,-0.0667,-4.0683,-10.0567,-12.0454,-9.5255
77,L,S,S,77,1.0250,-9.9301,-8.6312,-8.9202,-11.9863,-10.5496,-7.9442,-11.5097,-10.8654,-10.9926,-10.5246,-12.6153,-6.8257,-11.6521,-10.8433,-7.3014,-0.0028,-8.4490,-13.2033,-13.3585,-11.6788
78,L,L,L,78,1.0462,-12.8644,-15.3486,-17.3338,-17.8347,-11.6746,-17.0785,-18.8357,-7.6043,-17.3660,-0.0067,-7.0721,-17.8759,-9.4162,-15.8229,-15.3794,-14.9807,-11.6402,-5.2442,-16.9138,-18.4147
79,L,Q,Q,79,1.0698,-10.1039,-14.0224,-10.7328,-6.2964,-12.1809,-10.1441,-6.1653,-9.5535,-5.9714,-8.3748,-9.5801,-9.0431,-10.8646,-0.0091,-6.3059,-10.5218,-9.4451,-10.9252,-13.6421,-10.7110
80,L,P,P,80,1.0224,-8.7602,-10.6965,-13.1863,-13.7932,-10.5755,-12.0105,-9.9202,-11.7063,-12.9075,-10.5878,-14.0056,-13.1705,-0.0029,-9.8816,-10.1639,-6.0803,-9.6932,-11.0089,-12.7781,-9.3530
81,L,E,E,81,1.4228,-9.2295,-17.3079,-2.1903,-0.1189,-15.5222,-10.1201,-12.8870,-14.1398,-14.3287,-14.7085,-13.9178,-11.6477,-17.1177,-10.6983,-16.4052,-13.0590,-13.5931,-10.8797,-16.7478,-14.0946
82,L,D,D,82,1.0003,-14.0306,-16.4464,-0.0000,-12.5935,-15.2258,-15.6929,-12.0002,-17.4110,-21.5482,-18.5015,-17.7259,-11.3615,-20.8033,-18.9085,-21.8686,-14.8398,-15.1211,-15.7069,-19.7285,-15.9781
83,L,F,F,83,1.0853,-9.0322,-11.0673,-13.3138,-12.5733,-0.0124,-10.7275,-11.0296,-5.0711,-14.6209,-6.1575,-11.6953,-14.8276,-10.7933,-13.6384,-11.1168,-9.6745,-9.9206,-5.7223,-8.9009,-8.6604
84,L,A,A,84,1.0185,-0.0023,-9.7036,-12.4309,-15.1434,-14.6783,-10.8751,-17.9087,-12.4865,-19.5011,-15.1672,-14.9002,-15.3861,-13.1393,-17.7885,-18.0845,-10.0341,-7.0926,-6.6279,-20.9445,-17.3659
85,L,T,T,85,1.0487,-7.1063,-10.6272,-10.1895,-11.7104,-13.6385,-12.7582,-13.9842,-6.1794,-13.1661,-12.4878,-8.2276,-9.3546,-16.8855,-13.7275,-11.3777,-6.7899,-0.0062,-6.3494,-16.6101,-15.3049
86,L,Y,Y,86,1.0117,-14.0670,-11.0937,-14.6341,-16.4387,-6.5616,-16.0975,-10.1291,-12.9785,-15.4155,-12.1049,-14.7892,-12.7316,-16.9387,-14.9487,-14.4983,-13.2823,-14.2619,-13.4323,-12.9025,-0.0015
87,L,Y,Y,87,1.0615,-13.1998,-9.5789,-11.6297,-13.1877,-5.5587,-13.6987,-5.2838,-13.0692,-13.0478,-11.5272,-14.6161,-9.7291,-17.5836,-10.7506,-13.0344,-10.6521,-12.8525,-13.2153,-10.9788,-0.0092
88,L,C,C,88,1.0001,-12.6664,-0.0000,-18.5856,-20.0718,-15.9325,-13.5801,-17.7443,-18.4822,-22.3380,-17.8422,-19.1268,-17.9245,-20.7326,-17.8128,-19.7441,-13.8343,-17.3073,-16.5615,-18.6326,-17.7744
89,L,Q,Q,89,1.0604,-12.8974,-14.0492,-15.5234,-8.6991,-13.9599,-13.7121,-7.9533,-13.2649,-8.6122,-4.7419,-10.4340,-14.1008,-16.9002,-0.0097,-8.7776,-14.5545,-13.8602,-11.4226,-15.0384,-15.0904
90,L,Q,Q,90,2.0388,-12.0520,-12.6608,-11.9600,-4.4945,-11.0716,-11.0155,-1.1166,-12.1545,-6.1219,-10.7183,-11.2086,-8.2552,-13.2404,-0.4180,-8.4327,-13.6075,-11.7093,-10.2448,-11.8721,-8.1285
91,L,A,A,91,1.8585,-0.1533,-7.9442,-8.4015,-9.8010,-4.8177,-2.8513,-5.6610,-9.3388,-10.1776,-2.9750,-7.1614,-10.9474,-12.5089,-9.1688,-7.8185,-4.3595,-7.4211,-5.6991,-11.1053,-5.8218
92,L,N,N,92,1.9169,-6.5126,-8.2400,-2.3906,-5.6460,-8.1281,-4.8597,-4.9267,-8.3052,-5.6406,-8.5521,-8.4052,-0.1672,-10.0220,-5.9849,-7.3164,-3.6316,-9.1472,-8.6404,-8.6187,-4.8978
93,L,S,S,93,2.5318,-6.2868,-8.8802,-7.4355,-7.1803,-7.0495,-6.9461,-8.3033,-3.5359,-7.7441,-7.1926,-7.6313,-4.0349,-10.3849,-6.5985,-6.1361,-0.4673,-1.1658,-5.8923,-10.1510,-6.6010
94,L,F,F,94,1.0123,-10.0282,-15.1362,-12.5165,-14.6574,-0.0014,-13.4692,-13.1238,-11.0743,-14.7243,-7.2139,-12.0405,-12.5476,-11.8269,-14.8952,-14.3953,-11.3058,-10.6773,-9.9240,-11.3895,-7.6696
95,L,P,P,95,1.0035,-9.4317,-14.6845,-12.6125,-12.4929,-12.0755,-11.2209,-12.4107,-11.6452,-14.9431,-9.6617,-12.9206,-12.7586,-0.0003,-12.4650,-10.7723,-10.3145,-10.6766,-10.7701,-12.2287,-11.3891
96,L,F,R,96,7.3108,-4.0384,-5.2806,-7.5061,-6.8912,-2.0913,-5.7504,-3.9391,-4.4635,-4.1911,-2.6694,-4.6426,-4.6086,-6.5194,-3.9070,-1.1336,-5.0350,-5.5873,-5.6935,-1.8979,-1.5748
97,L,S,T,97,1.0830,-5.2813,-12.1450,-10.8360,-9.9226,-11.7052,-9.6287,-11.4079,-6.5256,-9.7844,-9.4688,-8.6981,-8.0628,-10.6996,-9.9942,-9.2091,-5.5884,-0.0116,-8.1617,-13.1059,-11.6414
98,L,F,F,98,1.0054,-11.3038,-11.8051,-13.6104,-14.2088,-0.0005,-10.6691,-14.1563,-11.3501,-15.0021,-8.6405,-11.5792,-12.1339,-9.0842,-14.4348,-13.4990,-10.3830,-10.2234,-10.5856,-11.3359,-10.2000
99,L,G,G,99,1.0995,-4.8098,-11.1013,-6.8597,-8.9581,-13.4109,-0.0151,-11.9799,-12.6162,-10.2580,-12.4036,-12.6028,-10.1595,-13.5301,-10.4068,-10.8119,-5.3129,-7.6426,-9.3130,-12.4910,-12.8523
100,L,P,P,100,1.8750,-7.1851,-9.5153,-8.9555,-7.6341,-9.9219,-3.9042,-7.0933,-9.7152,-8.8005,-6.4167,-10.9205,-9.2843,-0.2206,-1.7949,-5.9922,-5.5489,-7.1057,-9.0610,-10.9603,-10.3925
101,L,G,G,101,1.0004,-10.6470,-16.4873,-14.1898,-14.6582,-16.0998,-0.0000,-16.2894,-18.6955,-16.2048,-14.8158,-17.8335,-15.8850,-13.3430,-16.4555,-14.5597,-13.1606,-14.6199,-15.1979,-16.9437,-15.8815
102,L,T,T,102,1.0050,-9.2488,-12.3522,-16.2388,-15.1051,-15.4570,-14.1357,-17.4771,-11.1106,-16.4255,-15.8875,-14.6481,-12.9228,-17.5544,-16.1888,-15.6266,-8.0062,-0.0005,-9.6709,-18.1954,-17.0618
103,L,K,K,103,1.1741,-8.1720,-12.8873,-8.9781,-5.6492,-11.3272,-9.3843,-8.0800,-10.6513,-0.0268,-9.1367,-7.2242,-7.2978,-6.8446,-6.1337,-4.1291,-9.5206,-6.8256,-9.2813,-12.2434,-12.1195
104,L,V,V,104,1.1058,-10.0930,-12.2673,-15.3129,-11.6068,-9.3722,-12.7855,-13.6988,-5.2811,-12.8638,-4.5257,-7.0497,-13.8191,-16.9035,-12.9998,-12.9364,-14.6785,-11.1442,-0.0171,-11.9147,-13.4472
105,L,D,D,105,1.7511,-9.1329,-11.9728,-0.2642,-1.4710,-11.8419,-8.6986,-11.0007,-9.1553,-9.9466,-10.0570,-10.6917,-8.8109,-13.2778,-6.7249,-12.8000,-10.0731,-9.2544,-7.6200,-13.8429,-11.8790
106,L,I,I,106,1.4331,-8.9538,-9.8127,-9.6494,-9.1537,-3.8381,-9.1599,-9.7746,-0.0683,-8.1089,-4.7130,-4.1891,-8.6874,-11.4564,-8.2011,-5.3984,-6.3363,-7.2034,-4.4606,-7.9933,-8.8626
107,L,K,K,107,1.1586,-7.3173,-11.8259,-6.9233,-4.9158,-10.5045,-8.0905,-6.5496,-9.2760,-0.0223,-9.4896,-10.0856,-7.1507,-13.2457,-6.4807,-4.9668,-7.7022,-7.5601,-7.2279,-10.3711,-10.2820
